Año,Trimestre,Region,Departamento,Provincia,Distrito,Unidad_Operativa,Latitud,Longitud,Produccion_Cobre_TM,Produccion_Molibdeno_TM,Produccion_Plata_Kg,Canon_Minero_Soles,Regalias_Mineras_Soles,Derecho_Vigencia_Soles,Impuesto_Renta_Soles,Total_Transferencias_Soles
2022,Q1,Sur,Tacna,Jorge Basadre,Ilabaya,Toquepala,-17.2544,-70.5844,58420,1850,12450,185600000,62800000,8500000,371200000,628100000
2022,Q1,Sur,Moquegua,Mariscal Nieto,Torata,Cuajone,-16.9842,-70.7654,52100,1650,10800,168900000,57200000,7800000,337800000,571900000
2022,Q1,Sur,Moquegua,Ilo,Pacocha,Fundición Ilo,-17.6386,-71.3375,0,0,8500,42200000,14300000,3200000,84400000,143900000
2022,Q2,Sur,Tacna,Jorge Basadre,Ilabaya,Toquepala,-17.2544,-70.5844,61250,1920,13100,195400000,66100000,8800000,390800000,660300000
2022,Q2,Sur,Moquegua,Mariscal Nieto,Torata,Cuajone,-16.9842,-70.7654,54800,1730,11350,177800000,60200000,8100000,355600000,601700000
2022,Q2,Sur,Moquegua,Ilo,Pacocha,Fundición Ilo,-17.6386,-71.3375,0,0,8900,44500000,15100000,3400000,89000000,151900000
2022,Q3,Sur,Tacna,Jorge Basadre,Ilabaya,Toquepala,-17.2544,-70.5844,63100,1980,13650,201200000,68100000,9100000,402400000,679400000
2022,Q3,Sur,Moquegua,Mariscal Nieto,Torata,Cuajone,-16.9842,-70.7654,56200,1780,11850,182500000,61800000,8400000,365000000,617700000
2022,Q3,Sur,Moquegua,Ilo,Pacocha,Fundición Ilo,-17.6386,-71.3375,0,0,9200,45800000,15500000,3500000,91600000,156400000
2022,Q4,Sur,Tacna,Jorge Basadre,Ilabaya,Toquepala,-17.2544,-70.5844,62980,1995,13800,208500000,70600000,9300000,417000000,705400000
2022,Q4,Sur,Moquegua,Mariscal Nieto,Torata,Cuajone,-16.9842,-70.7654,57450,1820,12100,186700000,63200000,8600000,373400000,631900000
2022,Q4,Sur,Moquegua,Ilo,Pacocha,Fundición Ilo,-17.6386,-71.3375,0,0,9400,46900000,15900000,3600000,93800000,160200000
2023,Q1,Sur,Tacna,Jorge Basadre,Ilabaya,Toquepala,-17.2544,-70.5844,59850,1890,12850,178900000,60600000,8200000,357800000,605500000
2023,Q1,Sur,Moquegua,Mariscal Nieto,Torata,Cuajone,-16.9842,-70.7654,53200,1680,11050,162400000,55000000,7500000,324800000,549700000
2023,Q1,Sur,Moquegua,Ilo,Pacocha,Fundición Ilo,-17.6386,-71.3375,0,0,8700,40500000,13700000,3100000,81000000,138300000
2023,Q2,Sur,Tacna,Jorge Basadre,Ilabaya,Toquepala,-17.2544,-70.5844,62400,1970,13400,188600000,63900000,8600000,377200000,638300000
2023,Q2,Sur,Moquegua,Mariscal Nieto,Torata,Cuajone,-16.9842,-70.7654,55600,1760,11550,171200000,58000000,7900000,342400000,579500000
2023,Q2,Sur,Moquegua,Ilo,Pacocha,Fundición Ilo,-17.6386,-71.3375,0,0,9100,42800000,14500000,3300000,85600000,146200000
2023,Q3,Sur,Tacna,Jorge Basadre,Ilabaya,Toquepala,-17.2544,-70.5844,64200,2030,13850,194300000,65800000,8900000,388600000,657600000
2023,Q3,Sur,Moquegua,Mariscal Nieto,Torata,Cuajone,-16.9842,-70.7654,57100,1810,11900,176500000,59800000,8200000,353000000,597500000
2023,Q3,Sur,Moquegua,Ilo,Pacocha,Fundición Ilo,-17.6386,-71.3375,0,0,9400,44100000,14900000,3400000,88200000,150600000
2023,Q4,Sur,Tacna,Jorge Basadre,Ilabaya,Toquepala,-17.2544,-70.5844,65580,2080,14150,201800000,68300000,9200000,403600000,682900000
2023,Q4,Sur,Moquegua,Mariscal Nieto,Torata,Cuajone,-16.9842,-70.7654,58650,1860,12200,183200000,62000000,8500000,366400000,620100000
2023,Q4,Sur,Moquegua,Ilo,Pacocha,Fundición Ilo,-17.6386,-71.3375,0,0,9650,45800000,15500000,3500000,91600000,156400000
2024,Q1,Sur,Tacna,Jorge Basadre,Ilabaya,Toquepala,-17.2544,-70.5844,61500,1950,13200,192400000,65200000,8700000,384800000,650300000
2024,Q1,Sur,Moquegua,Mariscal Nieto,Torata,Cuajone,-16.9842,-70.7654,54800,1730,11300,168200000,57000000,7700000,336400000,569300000
2024,Q1,Sur,Moquegua,Ilo,Pacocha,Fundición Ilo,-17.6386,-71.3375,0,0,8950,41800000,14200000,3200000,83600000,142800000
2024,Q2,Sur,Tacna,Jorge Basadre,Ilabaya,Toquepala,-17.2544,-70.5844,63850,2020,13700,203600000,69000000,9200000,407200000,688000000
2024,Q2,Sur,Moquegua,Mariscal Nieto,Torata,Cuajone,-16.9842,-70.7654,57200,1810,11800,178900000,60600000,8200000,357800000,605500000
2024,Q2,Sur,Moquegua,Ilo,Pacocha,Fundición Ilo,-17.6386,-71.3375,0,0,9350,44200000,15000000,3400000,88400000,150800000
2024,Q3,Sur,Tacna,Jorge Basadre,Ilabaya,Toquepala,-17.2544,-70.5844,65200,2065,14050,209800000,71100000,9400000,419600000,709900000
2024,Q3,Sur,Moquegua,Mariscal Nieto,Torata,Cuajone,-16.9842,-70.7654,58900,1865,12150,185400000,62800000,8500000,370800000,627500000
2024,Q3,Sur,Moquegua,Ilo,Pacocha,Fundición Ilo,-17.6386,-71.3375,0,0,9650,45900000,15600000,3500000,91800000,156800000
2024,Q4,Sur,Tacna,Jorge Basadre,Ilabaya,Toquepala,-17.2544,-70.5844,66077,2095,14300,215200000,72900000,9600000,430400000,727700000
2024,Q4,Sur,Moquegua,Mariscal Nieto,Torata,Cuajone,-16.9842,-70.7654,60350,1910,12450,190800000,64600000,8800000,381600000,645800000
2024,Q4,Sur,Moquegua,Ilo,Pacocha,Fundición Ilo,-17.6386,-71.3375,0,0,9850,47200000,16000000,3600000,94400000,161200000
2025,Q1,Sur,Tacna,Jorge Basadre,Ilabaya,Toquepala,-17.2544,-70.5844,63200,2005,13550,208500000,70600000,9300000,417000000,705400000
2025,Q1,Sur,Moquegua,Mariscal Nieto,Torata,Cuajone,-16.9842,-70.7654,56400,1785,11650,183600000,62200000,8400000,367200000,621400000
2025,Q1,Sur,Moquegua,Ilo,Pacocha,Fundición Ilo,-17.6386,-71.3375,0,0,9200,45600000,15400000,3500000,91200000,155700000
