Año,Trimestre,Mes,Departamento,Tipo_Transferencia,Nivel_Gobierno,Monto_Soles,Precio_Cobre_USD_Libra,Produccion_Cobre_TM,IR_Pagado_Soles,Utilidad_Operativa_Soles,Tasa_Efectiva_IR
2022,Q1,Enero,Tacna,Canon Minero,Municipal Distrito,18580000,4.45,58420,271600000,920500000,29.5
2022,Q1,Enero,Tacna,Canon Minero,Municipal Provincia,46450000,4.45,58420,271600000,920500000,29.5
2022,Q1,Enero,Tacna,Canon Minero,Municipal Departamento,74320000,4.45,58420,271600000,920500000,29.5
2022,Q1,Enero,Tacna,Canon Minero,Regional,37160000,4.45,58420,271600000,920500000,29.5
2022,Q1,Enero,Tacna,Canon Minero,Universitario,9290000,4.45,58420,271600000,920500000,29.5
2022,Q1,Enero,Tacna,Regalías Mineras,Municipal Distrito,9380000,4.45,58420,271600000,920500000,5.1
2022,Q1,Enero,Tacna,Regalías Mineras,Municipal Provincia,9380000,4.45,58420,271600000,920500000,5.1
2022,Q1,Enero,Tacna,Regalías Mineras,Municipal Departamento,18760000,4.45,58420,271600000,920500000,5.1
2022,Q1,Enero,Tacna,Regalías Mineras,Regional,7035000,4.45,58420,271600000,920500000,5.1
2022,Q1,Enero,Tacna,Regalías Mineras,Universitario,2345000,4.45,58420,271600000,920500000,5.1
2022,Q1,Febrero,Tacna,Canon Minero,Municipal Distrito,18920000,4.48,58420,276400000,935800000,29.5
2022,Q1,Febrero,Tacna,Canon Minero,Municipal Provincia,47300000,4.48,58420,276400000,935800000,29.5
2022,Q1,Febrero,Tacna,Canon Minero,Municipal Departamento,75680000,4.48,58420,276400000,935800000,29.5
2022,Q1,Febrero,Tacna,Canon Minero,Regional,37840000,4.48,58420,276400000,935800000,29.5
2022,Q1,Febrero,Tacna,Canon Minero,Universitario,9460000,4.48,58420,276400000,935800000,29.5
2022,Q1,Febrero,Tacna,Regalías Mineras,Municipal Distrito,9540000,4.48,58420,276400000,935800000,5.1
2022,Q1,Febrero,Tacna,Regalías Mineras,Municipal Provincia,9540000,4.48,58420,276400000,935800000,5.1
2022,Q1,Febrero,Tacna,Regalías Mineras,Municipal Departamento,19080000,4.48,58420,276400000,935800000,5.1
2022,Q1,Febrero,Tacna,Regalías Mineras,Regional,7155000,4.48,58420,276400000,935800000,5.1
2022,Q1,Febrero,Tacna,Regalías Mineras,Universitario,2385000,4.48,58420,276400000,935800000,5.1
2022,Q1,Marzo,Tacna,Canon Minero,Municipal Distrito,19500000,4.52,58420,285000000,965200000,29.5
2022,Q1,Marzo,Tacna,Canon Minero,Municipal Provincia,48750000,4.52,58420,285000000,965200000,29.5
2022,Q1,Marzo,Tacna,Canon Minero,Municipal Departamento,78000000,4.52,58420,285000000,965200000,29.5
2022,Q1,Marzo,Tacna,Canon Minero,Regional,39000000,4.52,58420,285000000,965200000,29.5
2022,Q1,Marzo,Tacna,Canon Minero,Universitario,9750000,4.52,58420,285000000,965200000,29.5
2022,Q1,Marzo,Tacna,Regalías Mineras,Municipal Distrito,9840000,4.52,58420,285000000,965200000,5.1
2022,Q1,Marzo,Tacna,Regalías Mineras,Municipal Provincia,9840000,4.52,58420,285000000,965200000,5.1
2022,Q1,Marzo,Tacna,Regalías Mineras,Municipal Departamento,19680000,4.52,58420,285000000,965200000,5.1
2022,Q1,Marzo,Tacna,Regalías Mineras,Regional,7380000,4.52,58420,285000000,965200000,5.1
2022,Q1,Marzo,Tacna,Regalías Mineras,Universitario,2460000,4.52,58420,285000000,965200000,5.1
2023,Q1,Enero,Tacna,Canon Minero,Municipal Distrito,19620000,4.12,59850,286400000,970800000,29.5
2023,Q1,Enero,Tacna,Canon Minero,Municipal Provincia,49050000,4.12,59850,286400000,970800000,29.5
2023,Q1,Enero,Tacna,Canon Minero,Municipal Departamento,78480000,4.12,59850,286400000,970800000,29.5
2023,Q1,Enero,Tacna,Canon Minero,Regional,39240000,4.12,59850,286400000,970800000,29.5
2023,Q1,Enero,Tacna,Canon Minero,Universitario,9810000,4.12,59850,286400000,970800000,29.5
2023,Q1,Enero,Tacna,Regalías Mineras,Municipal Distrito,9900000,4.12,59850,286400000,970800000,5.1
2023,Q1,Enero,Tacna,Regalías Mineras,Municipal Provincia,9900000,4.12,59850,286400000,970800000,5.1
2023,Q1,Enero,Tacna,Regalías Mineras,Municipal Departamento,19800000,4.12,59850,286400000,970800000,5.1
2023,Q1,Enero,Tacna,Regalías Mineras,Regional,7425000,4.12,59850,286400000,970800000,5.1
2023,Q1,Enero,Tacna,Regalías Mineras,Universitario,2475000,4.12,59850,286400000,970800000,5.1
2023,Q2,Abril,Tacna,Canon Minero,Municipal Distrito,20280000,3.98,62400,296400000,1004400000,29.5
2023,Q2,Abril,Tacna,Canon Minero,Municipal Provincia,50700000,3.98,62400,296400000,1004400000,29.5
2023,Q2,Abril,Tacna,Canon Minero,Municipal Departamento,81120000,3.98,62400,296400000,1004400000,29.5
2023,Q2,Abril,Tacna,Canon Minero,Regional,40560000,3.98,62400,296400000,1004400000,29.5
2023,Q2,Abril,Tacna,Canon Minero,Universitario,10140000,3.98,62400,296400000,1004400000,29.5
2023,Q2,Abril,Tacna,Regalías Mineras,Municipal Distrito,10240000,3.98,62400,296400000,1004400000,5.1
2023,Q2,Abril,Tacna,Regalías Mineras,Municipal Provincia,10240000,3.98,62400,296400000,1004400000,5.1
2023,Q2,Abril,Tacna,Regalías Mineras,Municipal Departamento,20480000,3.98,62400,296400000,1004400000,5.1
2023,Q2,Abril,Tacna,Regalías Mineras,Regional,7680000,3.98,62400,296400000,1004400000,5.1
2023,Q2,Abril,Tacna,Regalías Mineras,Universitario,2560000,3.98,62400,296400000,1004400000,5.1
2024,Q1,Enero,Tacna,Canon Minero,Municipal Distrito,21680000,3.88,61500,316800000,1073200000,29.5
2024,Q1,Enero,Tacna,Canon Minero,Municipal Provincia,54200000,3.88,61500,316800000,1073200000,29.5
2024,Q1,Enero,Tacna,Canon Minero,Municipal Departamento,86720000,3.88,61500,316800000,1073200000,29.5
2024,Q1,Enero,Tacna,Canon Minero,Regional,43360000,3.88,61500,316800000,1073200000,29.5
2024,Q1,Enero,Tacna,Canon Minero,Universitario,10840000,3.88,61500,316800000,1073200000,29.5
2024,Q1,Enero,Tacna,Regalías Mineras,Municipal Distrito,10940000,3.88,61500,316800000,1073200000,5.1
2024,Q1,Enero,Tacna,Regalías Mineras,Municipal Provincia,10940000,3.88,61500,316800000,1073200000,5.1
2024,Q1,Enero,Tacna,Regalías Mineras,Municipal Departamento,21880000,3.88,61500,316800000,1073200000,5.1
2024,Q1,Enero,Tacna,Regalías Mineras,Regional,8205000,3.88,61500,316800000,1073200000,5.1
2024,Q1,Enero,Tacna,Regalías Mineras,Universitario,2735000,3.88,61500,316800000,1073200000,5.1
2024,Q2,Abril,Tacna,Canon Minero,Municipal Distrito,23480000,4.08,63850,343200000,1162400000,29.5
2024,Q2,Abril,Tacna,Canon Minero,Municipal Provincia,58700000,4.08,63850,343200000,1162400000,29.5
2024,Q2,Abril,Tacna,Canon Minero,Municipal Departamento,93920000,4.08,63850,343200000,1162400000,29.5
2024,Q2,Abril,Tacna,Canon Minero,Regional,46960000,4.08,63850,343200000,1162400000,29.5
2024,Q2,Abril,Tacna,Canon Minero,Universitario,11740000,4.08,63850,343200000,1162400000,29.5
2024,Q2,Abril,Tacna,Regalías Mineras,Municipal Distrito,11860000,4.08,63850,343200000,1162400000,5.1
2024,Q2,Abril,Tacna,Regalías Mineras,Municipal Provincia,11860000,4.08,63850,343200000,1162400000,5.1
2024,Q2,Abril,Tacna,Regalías Mineras,Municipal Departamento,23720000,4.08,63850,343200000,1162400000,5.1
2024,Q2,Abril,Tacna,Regalías Mineras,Regional,8895000,4.08,63850,343200000,1162400000,5.1
2024,Q2,Abril,Tacna,Regalías Mineras,Universitario,2965000,4.08,63850,343200000,1162400000,5.1
2024,Q3,Julio,Tacna,Canon Minero,Municipal Distrito,25520000,4.28,65200,372800000,1262400000,29.5
2024,Q3,Julio,Tacna,Canon Minero,Municipal Provincia,63800000,4.28,65200,372800000,1262400000,29.5
2024,Q3,Julio,Tacna,Canon Minero,Municipal Departamento,102080000,4.28,65200,372800000,1262400000,29.5
2024,Q3,Julio,Tacna,Canon Minero,Regional,51040000,4.28,65200,372800000,1262400000,29.5
2024,Q3,Julio,Tacna,Canon Minero,Universitario,12760000,4.28,65200,372800000,1262400000,29.5
2024,Q3,Julio,Tacna,Regalías Mineras,Municipal Distrito,12880000,4.28,65200,372800000,1262400000,5.1
2024,Q3,Julio,Tacna,Regalías Mineras,Municipal Provincia,12880000,4.28,65200,372800000,1262400000,5.1
2024,Q3,Julio,Tacna,Regalías Mineras,Municipal Departamento,25760000,4.28,65200,372800000,1262400000,5.1
2024,Q3,Julio,Tacna,Regalías Mineras,Regional,9660000,4.28,65200,372800000,1262400000,5.1
2024,Q3,Julio,Tacna,Regalías Mineras,Universitario,3220000,4.28,65200,372800000,1262400000,5.1
2024,Q4,Octubre,Tacna,Canon Minero,Municipal Distrito,27920000,4.48,66077,407600000,1380400000,29.5
2024,Q4,Octubre,Tacna,Canon Minero,Municipal Provincia,69800000,4.48,66077,407600000,1380400000,29.5
2024,Q4,Octubre,Tacna,Canon Minero,Municipal Departamento,111680000,4.48,66077,407600000,1380400000,29.5
2024,Q4,Octubre,Tacna,Canon Minero,Regional,55840000,4.48,66077,407600000,1380400000,29.5
2024,Q4,Octubre,Tacna,Canon Minero,Universitario,13960000,4.48,66077,407600000,1380400000,29.5
2024,Q4,Octubre,Tacna,Regalías Mineras,Municipal Distrito,14080000,4.48,66077,407600000,1380400000,5.1
2024,Q4,Octubre,Tacna,Regalías Mineras,Municipal Provincia,14080000,4.48,66077,407600000,1380400000,5.1
2024,Q4,Octubre,Tacna,Regalías Mineras,Municipal Departamento,28160000,4.48,66077,407600000,1380400000,5.1
2024,Q4,Octubre,Tacna,Regalías Mineras,Regional,10560000,4.48,66077,407600000,1380400000,5.1
2024,Q4,Octubre,Tacna,Regalías Mineras,Universitario,3520000,4.48,66077,407600000,1380400000,5.1
2022,Q1,Enero,Moquegua,Canon Minero,Municipal Distrito,16000000,4.45,52100,260000000,881400000,29.5
2022,Q1,Enero,Moquegua,Canon Minero,Municipal Provincia,40000000,4.45,52100,260000000,881400000,29.5
2022,Q1,Enero,Moquegua,Canon Minero,Municipal Departamento,64000000,4.45,52100,260000000,881400000,29.5
2022,Q1,Enero,Moquegua,Canon Minero,Regional,32000000,4.45,52100,260000000,881400000,29.5
2022,Q1,Enero,Moquegua,Canon Minero,Universitario,8000000,4.45,52100,260000000,881400000,29.5
2022,Q1,Enero,Moquegua,Regalías Mineras,Municipal Distrito,8980000,4.45,52100,260000000,881400000,5.1
2022,Q1,Enero,Moquegua,Regalías Mineras,Municipal Provincia,8980000,4.45,52100,260000000,881400000,5.1
2022,Q1,Enero,Moquegua,Regalías Mineras,Municipal Departamento,17960000,4.45,52100,260000000,881400000,5.1
2022,Q1,Enero,Moquegua,Regalías Mineras,Regional,6735000,4.45,52100,260000000,881400000,5.1
2022,Q1,Enero,Moquegua,Regalías Mineras,Universitario,2245000,4.45,52100,260000000,881400000,5.1
2023,Q1,Enero,Moquegua,Canon Minero,Municipal Distrito,17200000,4.12,53200,265600000,900200000,29.5
2023,Q1,Enero,Moquegua,Canon Minero,Municipal Provincia,43000000,4.12,53200,265600000,900200000,29.5
2023,Q1,Enero,Moquegua,Canon Minero,Municipal Departamento,68800000,4.12,53200,265600000,900200000,29.5
2023,Q1,Enero,Moquegua,Canon Minero,Regional,34400000,4.12,53200,265600000,900200000,29.5
2023,Q1,Enero,Moquegua,Canon Minero,Universitario,8600000,4.12,53200,265600000,900200000,29.5
2023,Q1,Enero,Moquegua,Regalías Mineras,Municipal Distrito,9180000,4.12,53200,265600000,900200000,5.1
2023,Q1,Enero,Moquegua,Regalías Mineras,Municipal Provincia,9180000,4.12,53200,265600000,900200000,5.1
2023,Q1,Enero,Moquegua,Regalías Mineras,Municipal Departamento,18360000,4.12,53200,265600000,900200000,5.1
2023,Q1,Enero,Moquegua,Regalías Mineras,Regional,6885000,4.12,53200,265600000,900200000,5.1
2023,Q1,Enero,Moquegua,Regalías Mineras,Universitario,2295000,4.12,53200,265600000,900200000,5.1
2024,Q1,Enero,Moquegua,Canon Minero,Municipal Distrito,18720000,3.88,54800,280800000,951800000,29.5
2024,Q1,Enero,Moquegua,Canon Minero,Municipal Provincia,46800000,3.88,54800,280800000,951800000,29.5
2024,Q1,Enero,Moquegua,Canon Minero,Municipal Departamento,74880000,3.88,54800,280800000,951800000,29.5
2024,Q1,Enero,Moquegua,Canon Minero,Regional,37440000,3.88,54800,280800000,951800000,29.5
2024,Q1,Enero,Moquegua,Canon Minero,Universitario,9360000,3.88,54800,280800000,951800000,29.5
2024,Q1,Enero,Moquegua,Regalías Mineras,Municipal Distrito,9702000,3.88,54800,280800000,951800000,5.1
2024,Q1,Enero,Moquegua,Regalías Mineras,Municipal Provincia,9702000,3.88,54800,280800000,951800000,5.1
2024,Q1,Enero,Moquegua,Regalías Mineras,Municipal Departamento,19404000,3.88,54800,280800000,951800000,5.1
2024,Q1,Enero,Moquegua,Regalías Mineras,Regional,7278000,3.88,54800,280800000,951800000,5.1
2024,Q1,Enero,Moquegua,Regalías Mineras,Universitario,2426000,3.88,54800,280800000,951800000,5.1
2024,Q4,Octubre,Moquegua,Canon Minero,Municipal Distrito,24080000,4.48,60350,347600000,1178200000,29.5
2024,Q4,Octubre,Moquegua,Canon Minero,Municipal Provincia,60200000,4.48,60350,347600000,1178200000,29.5
2024,Q4,Octubre,Moquegua,Canon Minero,Municipal Departamento,96320000,4.48,60350,347600000,1178200000,29.5
2024,Q4,Octubre,Moquegua,Canon Minero,Regional,48160000,4.48,60350,347600000,1178200000,29.5
2024,Q4,Octubre,Moquegua,Canon Minero,Universitario,12040000,4.48,60350,347600000,1178200000,29.5
2024,Q4,Octubre,Moquegua,Regalías Mineras,Municipal Distrito,12092000,4.48,60350,347600000,1178200000,5.1
2024,Q4,Octubre,Moquegua,Regalías Mineras,Municipal Provincia,12092000,4.48,60350,347600000,1178200000,5.1
2024,Q4,Octubre,Moquegua,Regalías Mineras,Municipal Departamento,24184000,4.48,60350,347600000,1178200000,5.1
2024,Q4,Octubre,Moquegua,Regalías Mineras,Regional,9069000,4.48,60350,347600000,1178200000,5.1
2024,Q4,Octubre,Moquegua,Regalías Mineras,Universitario,3023000,4.48,60350,347600000,1178200000,5.1
