Año,Trimestre,Empresa,Controlador,Pais_Origen,Ubicacion_Principal,Produccion_Cobre_TM,Produccion_Zinc_TM,Produccion_Plata_Kg,Produccion_Oro_Kg,Ventas_Netas_USD_Millones,EBITDA_USD_Millones,Utilidad_Neta_USD_Millones,Margen_EBITDA_Porcentaje,Empleados_Totales,Inversiones_Capex_USD_Millones,Costo_Cash_USD_Libra,Reservas_Probadas_Millones_TM,Vida_Util_Años,Precio_Accion_USD
2022,Q1,Southern Peru,Grupo México,México,Tacna-Moquegua,110520,0,23250,157,2415,1420,598,58.8,12150,156.4,1.82,18.5,42,68.5
2022,Q1,Cerro Verde,Freeport McMoRan,Estados Unidos,Arequipa,215400,0,2850,185,3680,2150,892,58.4,8500,285.6,1.65,24.8,38,42.3
2022,Q1,Antamina,BHP-Glencore,Australia-Suiza,Áncash,118500,92500,3120,48,2850,1680,695,58.9,6200,198.4,2.15,15.2,28,N/A
2022,Q1,Las Bambas,MMG,China,Apurímac,92800,0,1850,12,1950,1125,465,57.7,5800,156.8,2.45,12.8,35,N/A
2022,Q1,Antapaccay,Glencore,Suiza,Cusco,68500,0,1420,8,1450,835,345,57.6,4200,98.5,2.28,9.5,30,N/A
2022,Q2,Southern Peru,Grupo México,México,Tacna-Moquegua,116050,0,24450,170,2548,1498,632,58.8,12575,164.3,1.78,18.5,42,71.2
2022,Q2,Cerro Verde,Freeport McMoRan,Estados Unidos,Arequipa,223800,0,2950,192,3820,2235,928,58.5,8650,295.2,1.62,24.8,38,44.5
2022,Q2,Antamina,BHP-Glencore,Australia-Suiza,Áncash,125600,96800,3280,52,3015,1775,735,58.9,6350,206.8,2.12,15.2,28,N/A
2022,Q2,Las Bambas,MMG,China,Apurímac,98200,0,1950,14,2065,1195,495,57.9,5950,165.4,2.42,12.8,35,N/A
2022,Q2,Antapaccay,Glencore,Suiza,Cusco,72400,0,1520,9,1535,890,368,58.0,4350,104.6,2.25,9.5,30,N/A
2022,Q3,Southern Peru,Grupo México,México,Tacna-Moquegua,119300,0,25050,178,2298,1348,565,58.7,12720,171.4,1.85,18.5,42,62.8
2022,Q3,Cerro Verde,Freeport McMoRan,Estados Unidos,Arequipa,228500,0,3020,198,3445,2015,838,58.5,8750,302.5,1.68,24.8,38,38.9
2022,Q3,Antamina,BHP-Glencore,Australia-Suiza,Áncash,129800,99500,3380,54,2720,1598,665,58.8,6450,212.6,2.18,15.2,28,N/A
2022,Q3,Las Bambas,MMG,China,Apurímac,101500,0,2010,15,1865,1078,448,57.8,6050,170.2,2.48,12.8,35,N/A
2022,Q3,Antapaccay,Glencore,Suiza,Cusco,74800,0,1580,10,1385,802,332,57.9,4450,108.2,2.32,9.5,30,N/A
2022,Q4,Southern Peru,Grupo México,México,Tacna-Moquegua,120430,0,25700,186,2385,1398,588,58.6,12995,179.8,1.88,18.5,42,65.3
2022,Q4,Cerro Verde,Freeport McMoRan,Estados Unidos,Arequipa,231200,0,3080,202,3580,2095,875,58.5,8850,308.9,1.70,24.8,38,40.2
2022,Q4,Antamina,BHP-Glencore,Australia-Suiza,Áncash,132500,101800,3450,56,2825,1658,692,58.7,6550,217.8,2.20,15.2,28,N/A
2022,Q4,Las Bambas,MMG,China,Apurímac,103800,0,2050,16,1935,1118,465,57.8,6150,174.6,2.50,12.8,35,N/A
2022,Q4,Antapaccay,Glencore,Suiza,Cusco,76500,0,1620,10,1438,832,345,57.9,4550,111.5,2.35,9.5,30,N/A
2023,Q1,Southern Peru,Grupo México,México,Tacna-Moquegua,113050,0,23600,163,2298,1348,565,58.7,13315,188.6,1.92,18.5,42,62.5
2023,Q1,Cerro Verde,Freeport McMoRan,Estados Unidos,Arequipa,218600,0,2920,188,3420,2002,835,58.5,9050,315.4,1.75,24.8,38,38.4
2023,Q1,Antamina,BHP-Glencore,Australia-Suiza,Áncash,127200,98600,3320,51,2698,1584,662,58.7,6680,223.2,2.24,15.2,28,N/A
2023,Q1,Las Bambas,MMG,China,Apurímac,99500,0,1980,14,1848,1068,445,57.8,6280,179.2,2.55,12.8,35,N/A
2023,Q1,Antapaccay,Glencore,Suiza,Cusco,73800,0,1560,9,1375,795,330,57.8,4650,114.8,2.38,9.5,30,N/A
2023,Q2,Southern Peru,Grupo México,México,Tacna-Moquegua,118000,0,24650,174,2425,1423,598,58.7,13630,197.1,1.88,18.5,42,65.8
2023,Q2,Cerro Verde,Freeport McMoRan,Estados Unidos,Arequipa,225800,0,3010,195,3615,2115,882,58.5,9200,322.6,1.72,24.8,38,40.5
2023,Q2,Antamina,BHP-Glencore,Australia-Suiza,Áncash,131500,102300,3440,54,2852,1675,700,58.7,6800,228.9,2.20,15.2,28,N/A
2023,Q2,Las Bambas,MMG,China,Apurímac,102800,0,2040,15,1952,1128,470,57.8,6400,184.5,2.52,12.8,35,N/A
2023,Q2,Antapaccay,Glencore,Suiza,Cusco,76200,0,1610,10,1452,840,349,57.9,4750,118.6,2.35,9.5,30,N/A
2023,Q3,Southern Peru,Grupo México,México,Tacna-Moquegua,121300,0,25250,182,2498,1465,615,58.6,13945,205.6,1.85,18.5,42,68.2
2023,Q3,Cerro Verde,Freeport McMoRan,Estados Unidos,Arequipa,230500,0,3070,199,3720,2178,908,58.5,9320,329.4,1.69,24.8,38,41.8
2023,Q3,Antamina,BHP-Glencore,Australia-Suiza,Áncash,134800,104800,3520,55,2935,1723,720,58.7,6900,234.2,2.18,15.2,28,N/A
2023,Q3,Las Bambas,MMG,China,Apurímac,105200,0,2090,16,2008,1160,483,57.8,6500,189.2,2.50,12.8,35,N/A
2023,Q3,Antapaccay,Glencore,Suiza,Cusco,78100,0,1650,10,1495,865,360,57.9,4830,122.1,2.33,9.5,30,N/A
2023,Q4,Southern Peru,Grupo México,México,Tacna-Moquegua,124230,0,25850,192,2585,1515,638,58.6,14260,214.5,1.82,18.5,42,70.5
2023,Q4,Cerro Verde,Freeport McMoRan,Estados Unidos,Arequipa,234800,0,3120,203,3850,2255,942,58.6,9450,336.8,1.67,24.8,38,43.2
2023,Q4,Antamina,BHP-Glencore,Australia-Suiza,Áncash,137600,107200,3590,57,3038,1783,745,58.7,7020,240.1,2.16,15.2,28,N/A
2023,Q4,Las Bambas,MMG,China,Apurímac,107500,0,2130,17,2078,1200,500,57.7,6620,194.5,2.48,12.8,35,N/A
2023,Q4,Antapaccay,Glencore,Suiza,Cusco,79800,0,1685,11,1548,895,372,57.8,4920,125.9,2.31,9.5,30,N/A
2024,Q1,Southern Peru,Grupo México,México,Tacna-Moquegua,116300,0,24150,171,2518,1476,620,58.6,14575,223.6,1.88,18.5,42,68.9
2024,Q1,Cerro Verde,Freeport McMoRan,Estados Unidos,Arequipa,228500,0,3050,197,3755,2198,918,58.5,9600,344.2,1.72,24.8,38,42.1
2024,Q1,Antamina,BHP-Glencore,Australia-Suiza,Áncash,134200,104800,3510,55,2965,1740,728,58.7,7150,246.5,2.22,15.2,28,N/A
2024,Q1,Las Bambas,MMG,China,Apurímac,104800,0,2080,16,2028,1172,488,57.8,6740,199.8,2.54,12.8,35,N/A
2024,Q1,Antapaccay,Glencore,Suiza,Cusco,77500,0,1640,10,1508,872,363,57.8,5010,129.4,2.38,9.5,30,N/A
2024,Q2,Southern Peru,Grupo México,México,Tacna-Moquegua,121050,0,25050,179,2665,1562,658,58.6,14905,233.4,1.84,18.5,42,72.4
2024,Q2,Cerro Verde,Freeport McMoRan,Estados Unidos,Arequipa,236800,0,3150,204,3980,2332,975,58.6,9750,352.5,1.69,24.8,38,44.6
2024,Q2,Antamina,BHP-Glencore,Australia-Suiza,Áncash,139500,109200,3650,58,3145,1845,772,58.7,7280,253.2,2.18,15.2,28,N/A
2024,Q2,Las Bambas,MMG,China,Apurímac,108600,0,2150,17,2150,1243,518,57.8,6860,205.6,2.51,12.8,35,N/A
2024,Q2,Antapaccay,Glencore,Suiza,Cusco,80200,0,1695,11,1598,924,385,57.8,5100,133.5,2.35,9.5,30,N/A
2024,Q3,Southern Peru,Grupo México,México,Tacna-Moquegua,124100,0,25700,185,2748,1610,678,58.6,15235,243.6,1.81,18.5,42,74.8
2024,Q3,Cerro Verde,Freeport McMoRan,Estados Unidos,Arequipa,242500,0,3220,209,4105,2405,1005,58.6,9900,360.4,1.67,24.8,38,45.9
2024,Q3,Antamina,BHP-Glencore,Australia-Suiza,Áncash,143200,112000,3740,59,3242,1902,795,58.7,7400,259.6,2.16,15.2,28,N/A
2024,Q3,Las Bambas,MMG,China,Apurímac,111200,0,2200,18,2218,1282,535,57.8,6980,211.2,2.49,12.8,35,N/A
2024,Q3,Antapaccay,Glencore,Suiza,Cusco,82100,0,1735,11,1648,953,397,57.8,5190,137.4,2.33,9.5,30,N/A
2024,Q4,Southern Peru,Grupo México,México,Tacna-Moquegua,126427,0,26200,191,2835,1662,698,58.6,15560,253.1,1.79,18.5,42,77.3
2024,Q4,Cerro Verde,Freeport McMoRan,Estados Unidos,Arequipa,247200,0,3280,213,4235,2482,1038,58.6,10050,368.9,1.65,24.8,38,47.5
2024,Q4,Antamina,BHP-Glencore,Australia-Suiza,Áncash,146500,114500,3820,61,3348,1963,822,58.6,7530,266.8,2.14,15.2,28,N/A
2024,Q4,Las Bambas,MMG,China,Apurímac,113600,0,2240,18,2292,1324,552,57.8,7100,217.5,2.47,12.8,35,N/A
2024,Q4,Antapaccay,Glencore,Suiza,Cusco,83800,0,1770,12,1702,985,410,57.9,5280,141.8,2.31,9.5,30,N/A
2025,Q1,Southern Peru,Grupo México,México,Tacna-Moquegua,119600,0,24400,176,2780,1630,685,58.6,15895,263.5,1.84,18.5,42,75.6
2025,Q1,Cerro Verde,Freeport McMoRan,Estados Unidos,Arequipa,241500,0,3200,208,4142,2428,1015,58.6,10200,377.2,1.70,24.8,38,46.3
2025,Q1,Antamina,BHP-Glencore,Australia-Suiza,Áncash,142800,111800,3730,59,3278,1922,805,58.6,7650,273.5,2.19,15.2,28,N/A
2025,Q1,Las Bambas,MMG,China,Apurímac,110800,0,2190,17,2245,1298,541,57.8,7220,223.8,2.52,12.8,35,N/A
2025,Q1,Antapaccay,Glencore,Suiza,Cusco,81600,0,1725,11,1668,965,402,57.9,5370,145.9,2.36,9.5,30,N/A
