Año,Trimestre,Departamento,Nivel_Gobierno,Entidad_Beneficiaria,Tipo_Entidad,Monto_Canon_Soles,Porcentaje_Total,Proyectos_Financiados,Monto_Ejecutado_Soles,Porcentaje_Ejecucion,Principales_Sectores_Inversion
2024,Q1,Tacna,Municipal,Municipalidad Provincial Jorge Basadre,Provincia,38480000,20.0,45,32850000,85.4,"Educación, Salud, Vialidad"
2024,Q1,Tacna,Municipal,Municipalidad Distrital Ilabaya,Distrito,76960000,40.0,68,65420000,85.0,"Agua, Saneamiento, Educación"
2024,Q1,Tacna,Municipal,Otras Municipalidades Tacna,Distrito,19240000,10.0,24,15680000,81.5,"Electrificación, Salud"
2024,Q1,Tacna,Regional,Gobierno Regional Tacna,Regional,38480000,20.0,32,31250000,81.2,"Infraestructura, Desarrollo Productivo"
2024,Q1,Tacna,Universitario,Universidad Nacional Jorge Basadre Grohmann,Universidad,11544000,6.0,18,9850000,85.3,"Investigación, Infraestructura"
2024,Q1,Tacna,Universitario,Universidad Privada de Tacna,Universidad,7696000,4.0,12,6420000,83.4,"Investigación, Equipamiento"
2024,Q2,Tacna,Municipal,Municipalidad Provincial Jorge Basadre,Provincia,40720000,20.0,48,35180000,86.4,"Educación, Salud, Vialidad"
2024,Q2,Tacna,Municipal,Municipalidad Distrital Ilabaya,Distrito,81440000,40.0,72,70250000,86.3,"Agua, Saneamiento, Educación"
2024,Q2,Tacna,Municipal,Otras Municipalidades Tacna,Distrito,20360000,10.0,26,17120000,84.1,"Electrificación, Salud"
2024,Q2,Tacna,Regional,Gobierno Regional Tacna,Regional,40720000,20.0,35,33680000,82.7,"Infraestructura, Desarrollo Productivo"
2024,Q2,Tacna,Universitario,Universidad Nacional Jorge Basadre Grohmann,Universidad,12216000,6.0,19,10560000,86.4,"Investigación, Infraestructura"
2024,Q2,Tacna,Universitario,Universidad Privada de Tacna,Universidad,8144000,4.0,13,6920000,85.0,"Investigación, Equipamiento"
2024,Q3,Tacna,Municipal,Municipalidad Provincial Jorge Basadre,Provincia,41960000,20.0,51,36850000,87.8,"Educación, Salud, Vialidad"
2024,Q3,Tacna,Municipal,Municipalidad Distrital Ilabaya,Distrito,83920000,40.0,75,73540000,87.6,"Agua, Saneamiento, Educación"
2024,Q3,Tacna,Municipal,Otras Municipalidades Tacna,Distrito,20980000,10.0,28,18320000,87.3,"Electrificación, Salud"
2024,Q3,Tacna,Regional,Gobierno Regional Tacna,Regional,41960000,20.0,38,35180000,83.8,"Infraestructura, Desarrollo Productivo"
2024,Q3,Tacna,Universitario,Universidad Nacional Jorge Basadre Grohmann,Universidad,12588000,6.0,21,11120000,88.3,"Investigación, Infraestructura"
2024,Q3,Tacna,Universitario,Universidad Privada de Tacna,Universidad,8392000,4.0,14,7350000,87.6,"Investigación, Equipamiento"
2024,Q4,Tacna,Municipal,Municipalidad Provincial Jorge Basadre,Provincia,43040000,20.0,54,38260000,88.9,"Educación, Salud, Vialidad"
2024,Q4,Tacna,Municipal,Municipalidad Distrital Ilabaya,Distrito,86080000,40.0,78,77150000,89.6,"Agua, Saneamiento, Educación"
2024,Q4,Tacna,Municipal,Otras Municipalidades Tacna,Distrito,21520000,10.0,30,19420000,90.2,"Electrificación, Salud"
2024,Q4,Tacna,Regional,Gobierno Regional Tacna,Regional,43040000,20.0,41,36850000,85.6,"Infraestructura, Desarrollo Productivo"
2024,Q4,Tacna,Universitario,Universidad Nacional Jorge Basadre Grohmann,Universidad,12912000,6.0,23,11680000,90.5,"Investigación, Infraestructura"
2024,Q4,Tacna,Universitario,Universidad Privada de Tacna,Universidad,8608000,4.0,15,7820000,90.8,"Investigación, Equipamiento"
2024,Q1,Moquegua,Municipal,Municipalidad Provincial Mariscal Nieto,Provincia,33640000,20.0,38,28560000,84.9,"Educación, Salud, Vialidad"
2024,Q1,Moquegua,Municipal,Municipalidad Distrital Torata,Distrito,67280000,40.0,58,57180000,85.0,"Agua, Saneamiento, Educación"
2024,Q1,Moquegua,Municipal,Otras Municipalidades Moquegua,Distrito,16820000,10.0,21,13850000,82.3,"Electrificación, Salud"
2024,Q1,Moquegua,Regional,Gobierno Regional Moquegua,Regional,33640000,20.0,28,27120000,80.6,"Infraestructura, Desarrollo Productivo"
2024,Q1,Moquegua,Universitario,Universidad Nacional de Moquegua,Universidad,10092000,6.0,16,8540000,84.6,"Investigación, Infraestructura"
2024,Q1,Moquegua,Universitario,Universidad José Carlos Mariátegui,Universidad,6728000,4.0,10,5680000,84.4,"Investigación, Equipamiento"
2024,Q2,Moquegua,Municipal,Municipalidad Provincial Mariscal Nieto,Provincia,35780000,20.0,42,30920000,86.4,"Educación, Salud, Vialidad"
2024,Q2,Moquegua,Municipal,Municipalidad Distrital Torata,Distrito,71560000,40.0,63,61850000,86.4,"Agua, Saneamiento, Educación"
2024,Q2,Moquegua,Municipal,Otras Municipalidades Moquegua,Distrito,17890000,10.0,23,15120000,84.5,"Electrificación, Salud"
2024,Q2,Moquegua,Regional,Gobierno Regional Moquegua,Regional,35780000,20.0,31,29250000,81.7,"Infraestructura, Desarrollo Productivo"
2024,Q2,Moquegua,Universitario,Universidad Nacional de Moquegua,Universidad,10734000,6.0,18,9320000,86.8,"Investigación, Infraestructura"
2024,Q2,Moquegua,Universitario,Universidad José Carlos Mariátegui,Universidad,7156000,4.0,12,6180000,86.4,"Investigación, Equipamiento"
2024,Q3,Moquegua,Municipal,Municipalidad Provincial Mariscal Nieto,Provincia,37080000,20.0,45,32680000,88.1,"Educación, Salud, Vialidad"
2024,Q3,Moquegua,Municipal,Municipalidad Distrital Torata,Distrito,74160000,40.0,67,65420000,88.2,"Agua, Saneamiento, Educación"
2024,Q3,Moquegua,Municipal,Otras Municipalidades Moquegua,Distrito,18540000,10.0,25,16280000,87.8,"Electrificación, Salud"
2024,Q3,Moquegua,Regional,Gobierno Regional Moquegua,Regional,37080000,20.0,34,30850000,83.2,"Infraestructura, Desarrollo Productivo"
2024,Q3,Moquegua,Universitario,Universidad Nacional de Moquegua,Universidad,11124000,6.0,20,9820000,88.3,"Investigación, Infraestructura"
2024,Q3,Moquegua,Universitario,Universidad José Carlos Mariátegui,Universidad,7416000,4.0,13,6520000,87.9,"Investigación, Equipamiento"
2024,Q4,Moquegua,Municipal,Municipalidad Provincial Mariscal Nieto,Provincia,38160000,20.0,48,34180000,89.6,"Educación, Salud, Vialidad"
2024,Q4,Moquegua,Municipal,Municipalidad Distrital Torata,Distrito,76320000,40.0,70,68920000,90.3,"Agua, Saneamiento, Educación"
2024,Q4,Moquegua,Municipal,Otras Municipalidades Moquegua,Distrito,19080000,10.0,27,17250000,90.4,"Electrificación, Salud"
2024,Q4,Moquegua,Regional,Gobierno Regional Moquegua,Regional,38160000,20.0,37,32540000,85.3,"Infraestructura, Desarrollo Productivo"
2024,Q4,Moquegua,Universitario,Universidad Nacional de Moquegua,Universidad,11448000,6.0,22,10420000,91.0,"Investigación, Infraestructura"
2024,Q4,Moquegua,Universitario,Universidad José Carlos Mariátegui,Universidad,7632000,4.0,14,6920000,90.7,"Investigación, Equipamiento"
