Año,Trimestre,Unidad_Operativa,Tipo_Operacion,Produccion_Cobre_TM,Produccion_Molibdeno_TM,Produccion_Plata_Kg,Produccion_Zinc_TM,Produccion_Oro_Kg,Capacidad_Instalada_TM_Dia,Utilizacion_Capacidad_Porcentaje,Empleados_Directos,Empleados_Contratistas,Total_Empleados,Horas_Trabajadas,Accidentes_Trabajo,Inversiones_Capex_USD,Proyectos_Expansion,Produccion_Acido_Sulfurico_TM
2022,Q1,Toquepala,Mina,58420,1850,12450,0,85,120000,88.5,1850,3200,5050,1478000,2,78500000,Ampliación tajo,0
2022,Q1,Cuajone,Mina,52100,1650,10800,0,72,95000,91.2,1620,2850,4470,1308000,1,62300000,Optimización planta,0
2022,Q1,Fundición Ilo,Fundición,0,0,8500,0,145,85000,82.4,980,1650,2630,769000,1,15600000,Modernización hornos,285000
2022,Q2,Toquepala,Mina,61250,1920,13100,0,92,120000,92.8,1865,3240,5105,1493000,1,82100000,Ampliación tajo,0
2022,Q2,Cuajone,Mina,54800,1730,11350,0,78,95000,95.8,1635,2890,4525,1324000,2,65800000,Optimización planta,0
2022,Q2,Fundición Ilo,Fundición,0,0,8900,0,152,85000,85.6,995,1680,2675,782000,0,16400000,Modernización hornos,295000
2022,Q3,Toquepala,Mina,63100,1980,13650,0,96,120000,95.6,1880,3280,5160,1509000,1,85600000,Ampliación tajo,0
2022,Q3,Cuajone,Mina,56200,1780,11850,0,82,95000,98.3,1650,2930,4580,1340000,1,68900000,Optimización planta,0
2022,Q3,Fundición Ilo,Fundición,0,0,9200,0,158,85000,87.2,1010,1710,2720,795000,1,17100000,Modernización hornos,302000
2022,Q4,Toquepala,Mina,62980,1995,13800,0,99,120000,95.4,1895,3310,5205,1522000,0,89200000,Ampliación tajo,0
2022,Q4,Cuajone,Mina,57450,1820,12100,0,85,95000,100.5,1665,2960,4625,1353000,1,71800000,Optimización planta,0
2022,Q4,Fundición Ilo,Fundición,0,0,9400,0,162,85000,88.9,1025,1740,2765,808000,0,17800000,Modernización hornos,308000
2023,Q1,Toquepala,Mina,59850,1890,12850,0,88,120000,90.6,1905,3340,5245,1534000,1,92500000,Ampliación tajo,0
2023,Q1,Cuajone,Mina,53200,1680,11050,0,75,95000,93.1,1680,2990,4670,1366000,2,74600000,Optimización planta,0
2023,Q1,Fundición Ilo,Fundición,0,0,8700,0,148,85000,82.8,1040,1770,2810,822000,0,18500000,Modernización hornos,290000
2023,Q2,Toquepala,Mina,62400,1970,13400,0,94,120000,94.5,1920,3370,5290,1547000,1,96100000,Ampliación tajo,0
2023,Q2,Cuajone,Mina,55600,1760,11550,0,80,95000,97.3,1695,3020,4715,1379000,1,77800000,Optimización planta,0
2023,Q2,Fundición Ilo,Fundición,0,0,9100,0,155,85000,86.5,1055,1800,2855,835000,1,19200000,Modernización hornos,298000
2023,Q3,Toquepala,Mina,64200,2030,13850,0,98,120000,97.3,1935,3400,5335,1560000,0,99800000,Ampliación tajo,0
2023,Q3,Cuajone,Mina,57100,1810,11900,0,84,95000,99.8,1710,3050,4760,1392000,1,80900000,Optimización planta,0
2023,Q3,Fundición Ilo,Fundición,0,0,9400,0,160,85000,89.4,1070,1830,2900,848000,0,19900000,Modernización hornos,306000
2023,Q4,Toquepala,Mina,65580,2080,14150,0,101,120000,99.3,1950,3430,5380,1573000,1,103600000,Ampliación tajo,0
2023,Q4,Cuajone,Mina,58650,1860,12200,0,87,95000,102.6,1725,3080,4805,1405000,0,84200000,Optimización planta,0
2023,Q4,Fundición Ilo,Fundición,0,0,9650,0,165,85000,91.7,1085,1860,2945,861000,1,20700000,Modernización hornos,314000
2024,Q1,Toquepala,Mina,61500,1950,13200,0,91,120000,93.1,1965,3460,5425,1586000,0,107500000,Ampliación tajo,0
2024,Q1,Cuajone,Mina,54800,1730,11300,0,78,95000,95.8,1740,3110,4850,1418000,1,87600000,Optimización planta,0
2024,Q1,Fundición Ilo,Fundición,0,0,8950,0,152,85000,85.1,1100,1890,2990,874000,0,21500000,Modernización hornos,296000
2024,Q2,Toquepala,Mina,63850,2020,13700,0,96,120000,96.7,1980,3490,5470,1599000,1,111800000,Ampliación tajo,0
2024,Q2,Cuajone,Mina,57200,1810,11800,0,83,95000,100.0,1755,3140,4895,1431000,0,91200000,Optimización planta,0
2024,Q2,Fundición Ilo,Fundición,0,0,9350,0,159,85000,88.9,1115,1920,3035,887000,1,22400000,Modernización hornos,304000
2024,Q3,Toquepala,Mina,65200,2065,14050,0,99,120000,98.7,1995,3520,5515,1612000,0,116400000,Ampliación tajo,0
2024,Q3,Cuajone,Mina,58900,1865,12150,0,86,95000,103.0,1770,3170,4940,1444000,1,94900000,Optimización planta,0
2024,Q3,Fundición Ilo,Fundición,0,0,9650,0,164,85000,91.7,1130,1950,3080,900000,0,23300000,Modernización hornos,312000
2024,Q4,Toquepala,Mina,66077,2095,14300,0,102,120000,100.0,2010,3550,5560,1625000,1,121200000,Ampliación tajo,0
2024,Q4,Cuajone,Mina,60350,1910,12450,0,89,95000,105.5,1785,3200,4985,1457000,0,98700000,Optimización planta,0
2024,Q4,Fundición Ilo,Fundición,0,0,9850,0,168,85000,93.6,1145,1980,3125,913000,1,24200000,Modernización hornos,318000
2025,Q1,Toquepala,Mina,63200,2005,13550,0,95,120000,95.7,2025,3580,5605,1638000,0,125800000,Proyecto Tía María,0
2025,Q1,Cuajone,Mina,56400,1785,11650,0,81,95000,98.6,1800,3230,5030,1470000,1,102600000,Optimización planta,0
2025,Q1,Fundición Ilo,Fundición,0,0,9200,0,156,85000,87.4,1160,2010,3170,926000,0,25100000,Modernización hornos,302000
