TIPO,NOMBRE,LATITUD,LONGITUD,PROVINCIA,REGION,ALTITUD_METROS,TIPO_UBICACION,FUENTE
Operación,Toquepala,-17.2644,-70.3128,Tarata,Tacna,3500,Mina a cielo abierto,INEI
Operación,Cuajone,-16.9097,-70.3819,Mariscal Nieto,Moquegua,2500,Mina a cielo abierto,INEI
Operación,Ilo (Fundición),-17.6430,-71.3407,Ilo,Moquegua,5,Puerto/Refinería,INEI
Región,Tacna,-17.9557,-70.2674,Tacna,Tacna,0,Centro administrativo,INEI
Región,Moquegua,-17.1899,-70.9380,Mariscal Nieto,Moquegua,1410,Centro administrativo,INEI
Región,Arequipa,-16.3848,-71.5350,Arequipa,Arequipa,2355,Centro administrativo,INEI
