AÑO,MES,OPERACION,REGION,PRODUCCION_COBRE_TMF,PRODUCCION_MOLIBDENO_TMF,META_MENSUAL_TMF,FECHA_REPORTE,FUENTE
2023,1,Toquepala,Tacna,13000,180,14000,2023-02-15,SCCO
2023,1,Cuajone,Moquegua,18500,220,20000,2023-02-15,SCCO
2023,1,Ilo,Moquegua,105000,0,110000,2023-02-15,SCCO
2023,2,Toquepala,Tacna,12800,175,14000,2023-03-15,SCCO
2023,2,Cuajone,Moquegua,18200,215,20000,2023-03-15,SCCO
2023,2,Ilo,Moquegua,102500,0,110000,2023-03-15,SCCO
2023,3,Toquepala,Tacna,13200,190,14000,2023-04-15,SCCO
2023,3,Cuajone,Moquegua,19000,230,20000,2023-04-15,SCCO
2023,3,Ilo,Moquegua,107500,0,110000,2023-04-15,SCCO
2023,4,Toquepala,Tacna,12500,170,14000,2023-05-15,SCCO
2023,4,Cuajone,Moquegua,17800,210,20000,2023-05-15,SCCO
2023,4,Ilo,Moquegua,104000,0,110000,2023-05-15,SCCO
2023,5,Toquepala,Tacna,13100,185,14000,2023-06-15,SCCO
2023,5,Cuajone,Moquegua,18500,225,20000,2023-06-15,SCCO
2023,5,Ilo,Moquegua,106000,0,110000,2023-06-15,SCCO
2023,6,Toquepala,Tacna,13300,195,14000,2023-07-15,SCCO
2023,6,Cuajone,Moquegua,19200,240,20000,2023-07-15,SCCO
2023,6,Ilo,Moquegua,108500,0,110000,2023-07-15,SCCO
2023,7,Toquepala,Tacna,13450,200,14000,2023-08-15,SCCO
2023,7,Cuajone,Moquegua,19500,250,20000,2023-08-15,SCCO
2023,7,Ilo,Moquegua,109000,0,110000,2023-08-15,SCCO
2023,8,Toquepala,Tacna,13600,205,14000,2023-09-15,SCCO
2023,8,Cuajone,Moquegua,19800,260,20000,2023-09-15,SCCO
2023,8,Ilo,Moquegua,109500,0,110000,2023-09-15,SCCO
2023,9,Toquepala,Tacna,13200,190,14000,2023-10-15,SCCO
2023,9,Cuajone,Moquegua,19100,245,20000,2023-10-15,SCCO
2023,9,Ilo,Moquegua,108000,0,110000,2023-10-15,SCCO
2023,10,Toquepala,Tacna,13400,198,14000,2023-11-15,SCCO
2023,10,Cuajone,Moquegua,19400,248,20000,2023-11-15,SCCO
2023,10,Ilo,Moquegua,108800,0,110000,2023-11-15,SCCO
2023,11,Toquepala,Tacna,13100,188,14000,2023-12-15,SCCO
2023,11,Cuajone,Moquegua,19000,240,20000,2023-12-15,SCCO
2023,11,Ilo,Moquegua,107500,0,110000,2023-12-15,SCCO
2023,12,Toquepala,Tacna,13300,192,14000,2024-01-15,SCCO
2023,12,Cuajone,Moquegua,19200,244,20000,2024-01-15,SCCO
2023,12,Ilo,Moquegua,108500,0,110000,2024-01-15,SCCO
2024,1,Toquepala,Tacna,13500,195,14000,2024-02-15,SCCO
2024,1,Cuajone,Moquegua,19700,255,20000,2024-02-15,SCCO
2024,1,Ilo,Moquegua,110000,0,110000,2024-02-15,SCCO
2024,2,Toquepala,Tacna,13800,202,14000,2024-03-15,SCCO
2024,2,Cuajone,Moquegua,20000,265,20000,2024-03-15,SCCO
2024,2,Ilo,Moquegua,111500,0,110000,2024-03-15,SCCO
2024,3,Toquepala,Tacna,13700,200,14000,2024-04-15,SCCO
2024,3,Cuajone,Moquegua,19900,260,20000,2024-04-15,SCCO
2024,3,Ilo,Moquegua,111000,0,110000,2024-04-15,SCCO
2024,4,Toquepala,Tacna,14000,208,14000,2024-05-15,SCCO
2024,4,Cuajone,Moquegua,20200,270,20000,2024-05-15,SCCO
2024,4,Ilo,Moquegua,112500,0,110000,2024-05-15,SCCO
2024,5,Toquepala,Tacna,14100,210,14000,2024-06-15,SCCO
2024,5,Cuajone,Moquegua,20300,272,20000,2024-06-15,SCCO
2024,5,Ilo,Moquegua,112000,0,110000,2024-06-15,SCCO
2024,6,Toquepala,Tacna,14200,212,14000,2024-07-15,SCCO
2024,6,Cuajone,Moquegua,20400,275,20000,2024-07-15,SCCO
2024,6,Ilo,Moquegua,113000,0,110000,2024-07-15,SCCO
2024,7,Toquepala,Tacna,14300,215,14000,2024-08-15,SCCO
2024,7,Cuajone,Moquegua,20500,278,20000,2024-08-15,SCCO
2024,7,Ilo,Moquegua,113500,0,110000,2024-08-15,SCCO
2024,8,Toquepala,Tacna,14400,218,14000,2024-09-15,SCCO
2024,8,Cuajone,Moquegua,20600,280,20000,2024-09-15,SCCO
2024,8,Ilo,Moquegua,114000,0,110000,2024-09-15,SCCO
2024,9,Toquepala,Tacna,14250,213,14000,2024-10-15,SCCO
2024,9,Cuajone,Moquegua,20450,277,20000,2024-10-15,SCCO
2024,9,Ilo,Moquegua,113500,0,110000,2024-10-15,SCCO
2024,10,Toquepala,Tacna,14150,210,14000,2024-11-15,SCCO
2024,10,Cuajone,Moquegua,20350,275,20000,2024-11-15,SCCO
2024,10,Ilo,Moquegua,113000,0,110000,2024-11-15,SCCO
2024,11,Toquepala,Tacna,14100,208,14000,2024-12-15,SCCO
2024,11,Cuajone,Moquegua,20250,272,20000,2024-12-15,SCCO
2024,11,Ilo,Moquegua,112500,0,110000,2024-12-15,SCCO
2024,12,Toquepala,Tacna,14050,205,14000,2025-01-15,SCCO
2024,12,Cuajone,Moquegua,20150,270,20000,2025-01-15,SCCO
2024,12,Ilo,Moquegua,112000,0,110000,2025-01-15,SCCO
2025,1,Toquepala,Tacna,14200,210,14000,2025-02-15,SCCO
2025,1,Cuajone,Moquegua,20350,275,20000,2025-02-15,SCCO
2025,1,Ilo,Moquegua,112800,0,110000,2025-02-15,SCCO
2025,2,Toquepala,Tacna,14300,212,14000,2025-03-15,SCCO
2025,2,Cuajone,Moquegua,20400,277,20000,2025-03-15,SCCO
2025,2,Ilo,Moquegua,113200,0,110000,2025-03-15,SCCO
2025,3,Toquepala,Tacna,14250,211,14000,2025-04-15,SCCO
2025,3,Cuajone,Moquegua,20350,276,20000,2025-04-15,SCCO
2025,3,Ilo,Moquegua,113000,0,110000,2025-04-15,SCCO
2025,4,Toquepala,Tacna,14400,215,14000,2025-05-15,SCCO
2025,4,Cuajone,Moquegua,20500,279,20000,2025-05-15,SCCO
2025,4,Ilo,Moquegua,113500,0,110000,2025-05-15,SCCO
2025,5,Toquepala,Tacna,14350,213,14000,2025-06-15,SCCO
2025,5,Cuajone,Moquegua,20450,278,20000,2025-06-15,SCCO
2025,5,Ilo,Moquegua,113300,0,110000,2025-06-15,SCCO
2025,6,Toquepala,Tacna,14500,217,14000,2025-07-15,SCCO
2025,6,Cuajone,Moquegua,20600,281,20000,2025-07-15,SCCO
2025,6,Ilo,Moquegua,113800,0,110000,2025-07-15,SCCO
