AÑO,TRIMESTRE,OPERACION,REGION,REGALIAS_LEGALES_SOLES_M,REGALIAS_CONTRACTUALES_SOLES_M,VALOR_MINERAL_VENDIDO_SOLES_M,FECHA_REPORTE,FUENTE
2023,Q1,Toquepala,Tacna,12,8,1200,2023-04-15,SMV
2023,Q1,Cuajone,Moquegua,8,4,800,2023-04-15,SMV
2023,Q1,Ilo,Moquegua,18,10,1800,2023-04-15,SMV
2023,Q2,Toquepala,Tacna,14,9,1400,2023-07-15,SMV
2023,Q2,Cuajone,Moquegua,9,5,900,2023-07-15,SMV
2023,Q2,Ilo,Moquegua,16,8,1600,2023-07-15,SMV
2023,Q3,Toquepala,Tacna,13,8,1300,2023-10-15,SMV
2023,Q3,Cuajone,Moquegua,10,6,1000,2023-10-15,SMV
2023,Q3,Ilo,Moquegua,20,12,2000,2023-10-15,SMV
2023,Q4,Toquepala,Tacna,15,10,1500,2024-01-15,SMV
2023,Q4,Cuajone,Moquegua,9,5,900,2024-01-15,SMV
2023,Q4,Ilo,Moquegua,21,13,2100,2024-01-15,SMV
2024,Q1,Toquepala,Tacna,16,11,1600,2024-04-15,SMV
2024,Q1,Cuajone,Moquegua,12,8,1200,2024-04-15,SMV
2024,Q1,Ilo,Moquegua,25,15,2500,2024-04-15,SMV
2024,Q2,Toquepala,Tacna,18,12,1800,2024-07-15,SMV
2024,Q2,Cuajone,Moquegua,15,10,1500,2024-07-15,SMV
2024,Q2,Ilo,Moquegua,35,20,3500,2024-07-15,SMV
2024,Q3,Toquepala,Tacna,22,15,2200,2024-10-15,SMV
2024,Q3,Cuajone,Moquegua,28,18,2800,2024-10-15,SMV
2024,Q3,Ilo,Moquegua,48,32,4800,2024-10-15,SMV
2024,Q4,Toquepala,Tacna,20,14,2000,2025-01-15,SMV
2024,Q4,Cuajone,Moquegua,45,30,4500,2025-01-15,SMV
2024,Q4,Ilo,Moquegua,65,35,6500,2025-01-15,SMV
2025,Q1,Toquepala,Tacna,19,13,1900,2025-04-15,SMV
2025,Q1,Cuajone,Moquegua,35,23,3500,2025-04-15,SMV
2025,Q1,Ilo,Moquegua,58,32,5800,2025-04-15,SMV
2025,Q2,Toquepala,Tacna,21,15,2100,2025-07-15,SMV
2025,Q2,Cuajone,Moquegua,42,28,4200,2025-07-15,SMV
2025,Q2,Ilo,Moquegua,64,36,6400,2025-07-15,SMV
