FECHA,AÑO,TRIMESTRE,MES,MES_NOMBRE,TRIMESTRE_NOMBRE,TRIMESTRE_NUMERO,CUATRIMESTRE,SEMESTRE,FECHA_FIN_PERIODO
2023-01-01,2023,Q1,1,Enero,Q1 2023,1,I Cuatrimestre,Primer Semestre,2023-03-31
2023-02-01,2023,Q1,2,Febrero,Q1 2023,1,I Cuatrimestre,Primer Semestre,2023-03-31
2023-03-01,2023,Q1,3,Marzo,Q1 2023,1,I Cuatrimestre,Primer Semestre,2023-03-31
2023-04-01,2023,Q2,4,Abril,Q2 2023,2,II Cuatrimestre,Primer Semestre,2023-06-30
2023-05-01,2023,Q2,5,Mayo,Q2 2023,2,II Cuatrimestre,Primer Semestre,2023-06-30
2023-06-01,2023,Q2,6,Junio,Q2 2023,2,II Cuatrimestre,Primer Semestre,2023-06-30
2023-07-01,2023,Q3,7,Julio,Q3 2023,3,III Cuatrimestre,Segundo Semestre,2023-09-30
2023-08-01,2023,Q3,8,Agosto,Q3 2023,3,III Cuatrimestre,Segundo Semestre,2023-09-30
2023-09-01,2023,Q3,9,Septiembre,Q3 2023,3,III Cuatrimestre,Segundo Semestre,2023-09-30
2023-10-01,2023,Q4,10,Octubre,Q4 2023,4,III Cuatrimestre,Segundo Semestre,2023-12-31
2023-11-01,2023,Q4,11,Noviembre,Q4 2023,4,III Cuatrimestre,Segundo Semestre,2023-12-31
2023-12-01,2023,Q4,12,Diciembre,Q4 2023,4,III Cuatrimestre,Segundo Semestre,2023-12-31
2024-01-01,2024,Q1,1,Enero,Q1 2024,1,I Cuatrimestre,Primer Semestre,2024-03-31
2024-02-01,2024,Q1,2,Febrero,Q1 2024,1,I Cuatrimestre,Primer Semestre,2024-03-31
2024-03-01,2024,Q1,3,Marzo,Q1 2024,1,I Cuatrimestre,Primer Semestre,2024-03-31
2024-04-01,2024,Q2,4,Abril,Q2 2024,2,II Cuatrimestre,Primer Semestre,2024-06-30
2024-05-01,2024,Q2,5,Mayo,Q2 2024,2,II Cuatrimestre,Primer Semestre,2024-06-30
2024-06-01,2024,Q2,6,Junio,Q2 2024,2,II Cuatrimestre,Primer Semestre,2024-06-30
2024-07-01,2024,Q3,7,Julio,Q3 2024,3,III Cuatrimestre,Segundo Semestre,2024-09-30
2024-08-01,2024,Q3,8,Agosto,Q3 2024,3,III Cuatrimestre,Segundo Semestre,2024-09-30
2024-09-01,2024,Q3,9,Septiembre,Q3 2024,3,III Cuatrimestre,Segundo Semestre,2024-09-30
2024-10-01,2024,Q4,10,Octubre,Q4 2024,4,III Cuatrimestre,Segundo Semestre,2024-12-31
2024-11-01,2024,Q4,11,Noviembre,Q4 2024,4,III Cuatrimestre,Segundo Semestre,2024-12-31
2024-12-01,2024,Q4,12,Diciembre,Q4 2024,4,III Cuatrimestre,Segundo Semestre,2024-12-31
2025-01-01,2025,Q1,1,Enero,Q1 2025,1,I Cuatrimestre,Primer Semestre,2025-03-31
2025-02-01,2025,Q1,2,Febrero,Q1 2025,1,I Cuatrimestre,Primer Semestre,2025-03-31
2025-03-01,2025,Q1,3,Marzo,Q1 2025,1,I Cuatrimestre,Primer Semestre,2025-03-31
2025-04-01,2025,Q2,4,Abril,Q2 2025,2,II Cuatrimestre,Primer Semestre,2025-06-30
2025-05-01,2025,Q2,5,Mayo,Q2 2025,2,II Cuatrimestre,Primer Semestre,2025-06-30
2025-06-01,2025,Q2,6,Junio,Q2 2025,2,II Cuatrimestre,Primer Semestre,2025-06-30
