AÑO,EMPRESA,OPERACION,REGION,CANON_MINERO_SOLES_M,REGALIAS_SOLES_M,PRODUCCION_COBRE_TMF,EMPLEO_TOTAL,INGRESOS_FISCALES_TOTAL_SOLES_M,FECHA_REPORTE,FUENTE
2023,Antamina,Antamina,Junín,280,110,210000,4200,390,2024-01-15,SMV
2023,Cerro Verde,Cerro Verde,Arequipa,180,85,150000,3400,265,2024-01-15,SMV
2023,Las Bambas,Las Bambas,Apurímac,80,40,100000,1800,120,2024-01-15,SMV
2024,Antamina,Antamina,Junín,300,120,230000,4500,420,2025-01-15,SMV
2024,Cerro Verde,Cerro Verde,Arequipa,190,95,175000,3600,285,2025-01-15,SMV
2024,Las Bambas,Las Bambas,Apurímac,78,38,95000,1700,116,2025-01-15,SMV
2025,Antamina,Antamina,Junín,324,135,250000,4800,459,2025-07-15,SMV
2025,Cerro Verde,Cerro Verde,Arequipa,210,105,190000,3850,315,2025-07-15,SMV
2025,Las Bambas,Las Bambas,Apurímac,82,42,110000,1900,124,2025-07-15,SMV
