AÑO,OPERACION,REGION,EMPLEO_DIRECTO,EMPLEO_INDIRECTO,EMPLEO_TOTAL,CATEGORIA_PRINCIPAL,FECHA_REPORTE,FUENTE
2023,Toquepala,Tacna,2850,1200,4050,Minería,2024-01-15,SNMPE
2023,Cuajone,Moquegua,2100,800,2900,Minería,2024-01-15,SNMPE
2023,Ilo,Moquegua,2800,1500,4300,Refinería,2024-01-15,SNMPE
2024,Toquepala,Tacna,2950,1350,4300,Minería,2025-01-15,SNMPE
2024,Cuajone,Moquegua,2150,900,3050,Minería,2025-01-15,SNMPE
2024,Ilo,Moquegua,2900,1600,4500,Refinería,2025-01-15,SNMPE
2025,Toquepala,Tacna,3050,1400,4450,Minería,2025-07-15,SNMPE
2025,Cuajone,Moquegua,2200,950,3150,Minería,2025-07-15,SNMPE
2025,Ilo,Moquegua,3000,1650,4650,Refinería,2025-07-15,SNMPE
