AÑO,TRIMESTRE,REGION,CANON_MINERO_SOLES_M,IMPUESTO_RENTA_SOLES_M,FECHA_REPORTE,FUENTE
2023,Q1,Tacna,95,190,2023-04-15,MINEM
2023,Q1,Moquegua,64,128,2023-04-15,MINEM
2023,Q1,Arequipa,156,312,2023-04-15,MINEM
2023,Q2,Tacna,108,216,2023-07-15,MINEM
2023,Q2,Moquegua,58,116,2023-07-15,MINEM
2023,Q2,Arequipa,142,284,2023-07-15,MINEM
2023,Q3,Tacna,109,218,2023-10-15,MINEM
2023,Q3,Moquegua,68,136,2023-10-15,MINEM
2023,Q3,Arequipa,164,328,2023-10-15,MINEM
2023,Q4,Tacna,112,224,2024-01-15,MINEM
2023,Q4,Moquegua,66,132,2024-01-15,MINEM
2023,Q4,Arequipa,163,326,2024-01-15,MINEM
2024,Q1,Tacna,125,250,2024-04-15,MINEM
2024,Q1,Moquegua,88,176,2024-04-15,MINEM
2024,Q1,Arequipa,195,390,2024-04-15,MINEM
2024,Q2,Tacna,142,284,2024-07-15,MINEM
2024,Q2,Moquegua,115,230,2024-07-15,MINEM
2024,Q2,Arequipa,224,448,2024-07-15,MINEM
2024,Q3,Tacna,158,316,2024-10-15,MINEM
2024,Q3,Moquegua,198,396,2024-10-15,MINEM
2024,Q3,Arequipa,279,558,2024-10-15,MINEM
2024,Q4,Tacna,150,300,2025-01-15,MINEM
2024,Q4,Moquegua,583,1166,2025-01-15,MINEM
2024,Q4,Arequipa,448,896,2025-01-15,MINEM
2025,Q1,Tacna,140,280,2025-04-15,MINEM
2025,Q1,Moquegua,220,440,2025-04-15,MINEM
2025,Q1,Arequipa,280,560,2025-04-15,MINEM
2025,Q2,Tacna,150,300,2025-07-15,MINEM
2025,Q2,Moquegua,280,560,2025-07-15,MINEM
2025,Q2,Arequipa,310,620,2025-07-15,MINEM
