Unidad_Operativa,Tipo,Departamento,Provincia,Distrito,Latitud,Longitud,Altitud_msnm,Area_Concesion_Ha,Año_Inicio_Operaciones,Estado_Operativo,Comunidades_Influencia,Poblacion_Area_Influencia
Toquepala,Mina,-17.2544,-70.5844,Tacna,Jorge Basadre,Ilabaya,3200,24600,1960,Operativo,"Ilabaya, Borogueña, Cambaya, Chuapalca",18500
Cuajone,Mina,-16.9842,-70.7654,Moquegua,Mariscal Nieto,Torata,3400,18800,1976,Operativo,"Torata, Omate, Puquina, Quinistaquillas",25600
Fundición Ilo,Fundición,-17.6386,-71.3375,Moquegua,Ilo,Pacocha,12,850,1960,Operativo,"Pacocha, Ilo Ciudad, El Algarrobal",89400
Refinería Ilo,Refinería,-17.6412,-71.3398,Moquegua,Ilo,Pacocha,15,420,1960,Operativo,"Pacocha, Ilo Ciudad",89400
Puerto Ilo,Puerto,-17.6425,-71.3420,Moquegua,Ilo,Pacocha,8,185,1960,Operativo,"Pacocha, Ilo Ciudad",89400
Campamento Toquepala,Campamento,-17.2615,-70.5920,Tacna,Jorge Basadre,Ilabaya,3150,280,1960,Operativo,Ilabaya,2800
Campamento Cuajone,Campamento,-16.9900,-70.7720,Moquegua,Mariscal Nieto,Torata,3380,320,1976,Operativo,Torata,3200
Proyecto Tía María - La Tapada,Proyecto,-17.0125,-71.7845,Arequipa,Islay,Cocachacra,680,1850,2027,En Construcción,"Cocachacra, Deán Valdivia, Punta de Bombón",42000
Proyecto Tía María - Valle,Proyecto,-17.0280,-71.7920,Arequipa,Islay,Cocachacra,720,980,2027,En Construcción,"Cocachacra, Deán Valdivia",42000
Michiquillay,Proyecto,-6.7856,-78.4125,Cajamarca,Cajamarca,La Encañada,3600,8450,2030,Estudio Prefactibilidad,"La Encañada, Michiquillay",12500
Los Chancas,Proyecto,-14.1245,-74.8654,Apurímac,Aymaraes,Tapayrihua,4100,5200,2032,Exploración,"Tapayrihua, Tiaparo",8900
Oficina Lima,Oficina,-12.0897,-77.0282,Lima,Lima,San Isidro,150,2.5,1954,Operativo,San Isidro,850
